{"main":"american-flights-api-revision.raml","name":"American Flights API Revision","organizationId":"8e59b876-c8e8-4d8f-b710-98903d14fccd","groupId":"8e59b876-c8e8-4d8f-b710-98903d14fccd","assetId":"american-flights-api-revision","version":"1.0.1","metadata":{"branchId":"master","commitId":"8ec07f277a4b230c1189671412b61ed982ddcfb2","projectId":"86229932-7329-4336-abc0-6812cccb2e11"},"apiVersion":"v1","classifier":"raml","dependencies":[{"assetId":"training-american-flight-data-type","groupId":"68ef9520-24e9-4cf2-b2f5-620025690913","version":"1.0.1"},{"assetId":"training-american-flights-example","groupId":"68ef9520-24e9-4cf2-b2f5-620025690913","version":"1.0.1"}],"tags":[],"originalFormatVersion":"1.0"}